Actual,Predicted
274.39,358.35700840570144
746.06,720.1284317015275
1656.57,1662.7506479994993
2143.14,2231.822347176256
577.87,492.1990602870512
1635.47,1866.5104810363616
152.85,-289.39976792119353
647.17,878.4657350291027
880.0,884.9278347046229
586.25,501.6428725614833
925.25,980.9119317747134
76.4,201.93901786491801
1441.49,1435.3173961699638
2170.19,2290.346918038693
2095.81,2123.0218466112383
208.58,61.677496611191145
1422.17,1468.2016100605244
1599.07,1766.853055123506
3096.33,2689.695653576822
137.94,672.2779245492163
250.68,-58.12034053605089
2227.63,2235.7111530350057
60.43,414.7567796438982
1047.91,1366.2740681496823
552.25,476.7491925116519
89.52,-335.7844515685106
2289.59,2162.5886322825727
1158.91,1167.7861587630339
1264.61,1601.487371893231
1076.31,1088.231623566932
228.53,649.5090441236255
492.17,499.9390367906765
2031.75,2112.1422960636637
690.18,660.8797191668732
2057.57,2053.28945723986
402.15,221.2826865883353
256.34,488.305259339033
862.89,862.5849132217338
2400.9,2419.9042903504424
130.73,87.88413381024702
1256.92,1476.3324651857322
126.95,-348.57831981360914
1730.04,1727.2812743629036
1283.42,1844.5158078719116
1490.53,1720.0675026760707
2771.21,2519.5090957816183
563.16,506.99494703247206
477.31,344.30280349305735
763.85,800.2542422140768
840.0,1066.582758524409
2830.9,2551.107882862051
884.02,1017.0409606725823
269.62,261.78409585860345
4155.46,3222.3176058763665
3947.21,3100.3248084626457
491.98,474.60185763758363
1642.22,1707.902525318367
3415.78,2849.9823549230405
711.11,708.7878418901314
302.3,597.965227771477
839.5,1107.5928324509089
1717.08,1743.2097215626839
1562.54,1760.749308641204
159.84,-109.0051807689531
490.52,362.6767682964212
1811.95,1735.9834048045589
985.97,993.5955639671854
917.79,917.0177462807278
2224.0,2222.7945036659894
1127.25,1454.0772445056416
1046.82,1518.0340406598427
1611.63,1575.2406592837872
34.8,619.1405084788873
3049.28,2588.1890755194136
1674.16,1710.4182035641895
392.85,233.2772574297096
376.92,832.2815431299664
783.32,770.2715901016529
853.32,852.6625215229208
903.64,894.780065761197
147.2,-311.7602295646424
2667.23,2409.2352217295847
1516.41,1567.4956876908939
732.48,750.1461641350709
1743.67,1949.893651627511
1720.23,1793.9016200294288
98.4,181.61565504291116
253.9,474.91003054563544
863.09,881.2094353622017
1474.11,1758.8274409616563
1431.46,1453.265402030626
480.87,1270.6883996831973
382.21,208.26079625596026
1536.13,1564.9800094450713
176.13,-140.3884908334005
1964.01,2018.7841132920223
6.26,-796.7847869417352
230.3,168.95711299302206
1068.38,1084.7412463117878
4519.15,3407.9364912864094
3176.19,2740.2346856877984
1908.95,1827.1992477913998
583.56,774.2630820310058
1038.68,1217.2001804016738
575.14,1399.2535328250653
2113.63,2029.0623032912983
1509.37,1680.5107071832729
813.86,822.6497841786452
170.9,1080.5843429553731
2787.04,2487.669741542618
1380.17,1594.1332789219198
2658.39,2462.951463098384
696.0,679.714723234058
1439.43,1791.1353844465018
255.06,55.794222234142126
676.64,640.5388161843064
510.86,496.9848545308603
334.75,157.09031836483405
373.61,393.66919973928657
714.49,959.1829159114152
2324.82,2368.786432940995
1503.61,1492.902348344199
116.59,-29.20008823574699
409.94,433.4765525691887
255.14,26.540706883203484
275.86,219.47860494343809
2142.97,2038.9671548295516
629.24,584.9383423498336
1870.79,1790.5039386663514
521.72,408.8860503381409
600.02,689.4792534878334
672.42,732.706822930641
3800.13,3023.9925530240243
89.08,411.3014827098734
226.58,31.449282250930764
418.2,315.38754628202173
1943.37,1994.6947257351837
361.99,419.12416492702914
810.77,842.459487255152
186.13,831.0537318907848
146.8,-115.47227553374137
1397.93,1477.6805026560762
475.28,390.652406819255
54.53,-583.8442440388369
2672.16,2516.2742709528475
1020.53,1021.2905599210633
1316.51,1313.610236414466
1852.89,1772.165054184107
687.1,877.0124565954002
1917.85,1818.8529156502075
394.02,373.39346230969045
540.79,1126.6558586053704
88.18,396.41789516165386
1745.02,1716.8101425974708
936.47,1014.5904479797307
3577.34,2923.35043792331
262.59,290.0979925213401
447.36,380.8753314941878
1975.03,1937.7587595016587
2275.13,2083.460056029173
1345.86,1507.0567991309329
566.12,731.100678141169
1976.75,2004.3615650076242
1308.99,1754.4576154820131
485.36,1094.4080855842283
201.73,-162.94189424300635
1686.65,1685.1687252138952
829.9,821.2140459055024
224.91,-43.92581433892883
1577.02,1719.5012224488908
1794.06,1750.546274373435
1478.67,1483.015036966505
1344.5,1832.147898569515
2125.73,2097.153467552086
2287.5,2126.7803213640473
368.27,265.2268477213365
302.07,294.52798846468636
1510.28,1692.7283050226554
748.02,718.126413201205
477.02,404.2280323075181
2536.8,2364.4967582821273
376.45,516.4513043781958
157.87,-54.4495665860411
1001.35,1118.8632616200664
2161.91,2179.614559615593
374.76,640.6039817372771
436.95,289.18090908296585
2561.51,2311.903087189149
389.6,202.3599817183515
1142.29,1266.1982332761484
2124.31,2269.9884748955665
3859.37,3057.5883635155105
659.81,645.9435111369742
221.7,427.265010230773
449.39,477.0699104909952
1953.5,2096.797669251623
377.84,182.5853589629644
760.01,739.3192340691751
644.95,579.6038080394046
1840.07,1806.6779481139677
1629.6,1707.5241917680762
400.58,571.5556586277278
1782.35,2148.298855300629
720.41,1113.6088781304127
3414.41,2805.0108742990387
625.2,847.0072692331482
934.21,1307.6868866270295
2155.71,2223.343243732609
1207.5,1355.9958781504067
483.16,465.67170510865185
1440.59,1762.3253681988247
641.77,588.4462597655377
3151.08,2662.2336747994896
1314.49,1664.5547296443963
681.79,655.6504258198024
991.24,1354.8282373749278
754.63,785.3706546658573
1085.45,1674.6174426276873
765.49,892.9584439557402
958.21,1247.187827603366
26.31,197.93498086427326
2554.77,2382.52746985632
504.6,389.4496857226568
449.53,370.32904399724794
2808.06,2473.2121129371008
1220.33,1270.7685505039728
459.2,731.0129773383703
203.7,-165.33479136491098
97.38,-461.6935851800779
2689.46,2478.827289816485
624.61,553.3094700375502
42.86,-506.9983288547148
1161.59,1237.9720374162105
1119.68,1262.3295224707133
40.43,898.4558348004748
289.09,315.89621093825394
1147.19,1160.8580247344241
1444.81,1477.1142224288967
941.47,1265.464101425395
2363.4,2143.4379053253124
944.22,948.7693997169292
1440.67,1499.0186398977924
1198.77,1537.470405275327
317.7,457.59846555439185
899.45,1335.4269530805634
1577.06,1635.020571724502
18.76,-619.1564353724218
188.4,-145.3847670039264
820.77,832.5721758774582
891.94,910.9941506192008
547.19,772.0756717465499
463.5,476.0952114816739
1236.42,1237.190280173046
1365.11,1435.971377199942
2191.25,2022.4022667603529
73.64,-285.2153342256835
621.28,1071.3860929287773
2492.04,2254.796714439295
917.0,916.0255071108465
836.65,910.370254821074
2701.02,2372.697774049573
283.24,113.36163424781762
3262.43,2721.2543652468667
1644.87,1806.8884300406846
304.3,111.23183953430907
3946.21,3129.9341221140467
949.85,947.8122408681677
726.17,688.7325765657886
1475.63,1612.2692314594708
2055.09,1922.0984097995427
1328.74,1334.5700401058914
931.54,932.0416551134251
421.26,387.76339011240975
3549.17,2939.283880212358
2431.45,2236.49291027817
1283.01,1632.7855360476349
598.59,1091.213336165844
864.31,1040.8196204286144
228.59,-110.300597757618
202.45,-137.17875614721186
680.55,647.6949723001921
254.74,270.0477222862653
254.81,197.13568346054922
1284.35,1282.8859024692654
719.27,875.2334650930864
624.83,612.0269826661445
2760.16,2407.0001860527173
1723.75,1676.5367554144793
1049.61,1099.9054764289629
2239.88,2209.364194551472
1886.15,1953.7573673436775
1204.21,1207.4581853977263
969.4,993.8812016254094
256.63,-11.625420836107423
1488.73,1607.616208518116
2619.59,2345.143099380173
1933.72,1838.8204801717518
102.77,-143.307592772097
924.87,1718.8572315974486
673.1,639.7570589411418
1780.75,1747.0909774394102
252.34,-43.697792251652345
80.88,-520.2006158819555
2140.64,2157.2716381327036
570.94,742.7519957533723
2441.6,2343.865222552068
1361.56,1354.344662861279
586.5,630.4585630404556
1448.7,1463.3681904243042
120.48,930.7386881427362
818.59,820.1867264145014
723.87,844.817304055937
1454.99,1535.2654548303115
1505.88,1900.8655135211845
1062.33,1391.5761669816554
1954.27,2084.873259052488
2426.59,2326.483496918586
2605.41,2306.731409413026
2835.64,2458.1882041044028
1088.77,1094.71625849228
687.08,665.8233748557197
443.76,1122.3811692143065
511.54,1246.8395792849267
99.5,-170.5941699438331
642.57,596.862752548969
270.63,65.09271813482837
1028.02,1098.9483175802013
578.32,1321.7887169320845
277.5,340.24115092146553
326.32,411.9730039004114
1016.1,1750.1478457698292
1612.43,1914.1304112086407
1147.43,1168.6029963273174
47.93,-660.2115797985779
1000.58,1033.5707684206616
319.5,143.49715271601121
315.68,308.3015508083747
22.16,-695.045191707782
1332.2,1341.5332544556206
1900.16,2057.0905622958107
2246.86,2090.195248291625
3864.48,3086.75417806365
125.47,228.76455577283264
3558.24,2885.452407701663
481.23,412.66206525150915
1199.91,1288.5712399908887
1072.99,1633.9005563414346
867.22,877.9997006760134
504.46,453.71221458839705
1618.95,1857.58032850743
1792.62,1853.7792234514784
1640.9,1967.8416574881728
740.52,707.5851207935334
1869.29,1979.1120866573299
542.03,784.4962015306262
1758.1,1698.8445965762492
532.11,543.123975930341
43.63,1057.2141019814837
1317.8,1321.653390736875
746.56,1109.6474714329104
1589.8,1788.5495455584403
312.77,355.60331789406587
177.44,-176.16172143080667
86.08,-450.35299536868183
1050.32,1108.8531691184546
2170.95,2151.779242377237
684.03,632.1749438825541
1423.64,1724.089079837275
542.66,1205.1129136682327
1545.13,1522.5116619956004
512.73,745.7813337446953
1677.63,1718.4037423156512
991.49,1342.4152575728751
400.85,244.1918882984039
2808.47,2446.812533971887
1870.37,1833.485945861323
2825.42,2449.222971254352
2358.63,2281.3190745284264
254.4,195.64732470572721
996.08,1063.706286888855
2155.53,2143.841329018186
455.6,905.6119909163606
207.6,723.4133221192233
845.3,848.4830829166788
139.58,1246.766863749932
1978.57,1975.5340085993869
545.37,545.1259944306632
277.52,6.9239455728538815
2190.49,2089.6114279038857
793.85,766.6935120437099
1536.28,1846.6406074961521
866.44,1125.9492570937134
1431.11,1422.7565451014095
3623.52,2925.2121351391543
896.58,1037.8779832400899
1789.11,1736.6198456739774
558.04,553.9985313886477
509.14,811.8353991840411
2924.05,2625.5258206031485
1261.28,1803.8340019067784
26.9,-704.9500432460352
446.65,307.0412141408292
1326.45,1428.4994981939806
1202.19,1699.8844611385414
2202.74,2029.7914400527836
87.59,47.66336710893461
1054.09,1307.5991858242312
1481.35,1663.439709350597
1082.37,1690.510809506348
515.85,1269.182500767816
207.39,8.57016577271338
1132.35,1681.049457071356
673.28,617.7874759192753
2485.78,2346.8068597405927
89.37,-336.77669073839184
783.35,779.4873802888085
3896.93,3083.5970638591407
944.33,1030.979934443332
876.49,890.1571280516935
161.72,-177.61499986450917
100.49,-442.2572205645938
1874.72,2145.3747582726646
3042.03,2642.49912745449
1991.36,1964.5842974095733
2385.79,2295.2104229067645
767.36,963.3723446961933
574.76,501.7656536854013
324.09,185.22381833270515
136.31,-342.0761447277014
3037.1,2599.7226070969673
1280.7,1348.105590183767
413.2,687.7528824671988
340.45,302.4308215026174
158.02,313.618544958244
814.25,842.314170881406
375.17,248.7271252051089
1303.1,1761.2027979230018
1225.62,1231.307005795997
34.42,-674.6692084040958
860.3,1651.863547469901
606.94,966.7124104883235
1478.46,1459.5220148686974
163.84,-89.16039737132701
110.07,-83.27712299427799
1133.58,1443.1450734763873
1273.32,1279.9618054413006
1360.88,1675.451820352531
902.55,1288.8343423992849
344.54,351.9776144437117
689.03,710.91763660364
334.11,359.5547344130314
462.7,484.5768698180759
594.4,525.5793937625526
284.62,84.44138194751372
2149.16,2042.001487910143
574.67,570.86659727663
1611.89,1666.7897653212638
363.45,282.57349303369983
1433.1,1476.139523419575
969.13,1297.729414607097
670.69,1294.9280987030504
1163.34,1624.2387121582622
895.65,1205.3985513264568
235.61,374.197754802683
806.74,863.6999335155331
1145.34,1353.2246474782112
446.22,469.1319971319447
1372.23,1371.2828893915
167.34,-257.700734966671
138.52,-306.23275348805635
428.28,361.01300793600217
788.39,766.7636726859489
4413.9,3342.571487198162
149.47,1409.9902071954068
1579.72,1864.5610830177181
317.1,183.33203588500942
1789.42,1948.370212551569
1231.84,1278.578687649837
1722.7,1665.0558443186053
256.93,646.0537471896007
1570.8,1684.5322843444771
135.94,-311.6900689224035
722.67,693.6586920940756
1001.83,1077.6151754277532
1323.83,1380.3533632049096
1896.31,1802.5335898288452
886.6,874.8826618818916
1620.29,1630.4853348177974
536.96,460.85582563299135
2223.91,2108.972636787863
610.85,898.77155769055
654.76,1265.351310480013
882.4,1309.210325702971
956.23,969.588882123877
345.43,354.9543319533557
793.6,804.2758193752813
586.02,563.038919970206
669.92,865.8422733003333
554.26,745.2501338386353
57.85,-618.0063347575029
1992.4,1900.9231290921318
478.61,407.2047498171621
3007.96,2617.197028622516
1126.12,1129.0186704954237
1231.9,1474.3655270065294
670.23,755.0672845740901
1854.83,1831.0228880971792
114.16,116.64152957624515
107.5,-208.28171823876278
1211.34,1271.7432495132941
2326.48,2147.2665407203604
310.01,58.5028422461221
345.05,150.17972449678427
1522.75,1712.5906285808412
167.11,-255.66363614522925
703.71,661.9245788184337
786.05,963.389884856753
397.49,376.340094587483
1014.55,1350.876820855962
3184.27,2684.080476697438
55.48,-144.3524524236576
1005.09,1429.8200053252287
397.78,214.28439191748703
461.58,355.8889555522899
1459.71,1443.202689047335
435.14,377.30979850753647
1019.61,1045.7582810281926
934.28,1158.1794899542958
702.03,670.8196510262458
1325.25,1857.4324572409284
1536.88,1715.7351977140586
733.39,725.8713847940985
2429.55,2192.5362040738773
358.0,214.6401902179498
500.29,786.5959110122833
1540.43,1540.301806411225
293.64,229.91465638775162
45.93,-469.2932403992253
217.46,273.98159864467107
813.82,826.4032638421857
316.52,259.20325205980976
2031.19,1931.7000835190122
3114.8,2627.3825227297257
20.12,-728.7813234837464
1958.74,1859.9782207186024
2680.42,2487.038295762468
770.86,1460.737281036587
1449.52,1473.1277255888115
372.11,508.2377435394576
512.7,693.8566289495006
85.01,-509.30352517382084
953.42,1433.8240423258737
834.39,833.599495368459
886.01,875.8573608912131
510.86,601.2526730819279
720.48,1185.0325582013068
1262.57,1431.9021746463266
505.96,405.78655170457887
365.09,156.75206022493103
2157.11,2011.8258940315616
135.11,-297.49554272528167
644.21,591.9190968601224
1676.81,1746.7351791389476
414.87,275.73305980788905
442.24,373.32330166745146
1301.06,1381.3806826959105
1254.78,1449.5069272778176
494.58,368.1867042124477
56.69,-335.8370720501897
1221.87,1332.7133379793152
229.87,-103.28476292620985
1240.71,1563.2861638528009
212.87,23.989948316261234
739.02,873.5922399824949
593.22,560.395465511197
625.16,1346.5946961791176
4351.71,3310.78475344084
54.37,-162.70887706646158
372.77,346.0592597455436
3882.42,3076.6513896699716
1325.72,1350.2178447367162
1774.32,1857.4575473835118
2205.46,2031.2973389681654
1925.91,1837.3496615774895
452.11,707.6953568461597
3267.82,2733.2138557671224
2683.76,2392.805659855596
215.2,-134.14941815588872
471.26,434.95236625271923
474.28,381.9201911457483
933.26,1201.5448257888258
3290.15,2753.093719485868
1724.05,1670.0521204891313
455.85,377.7708377713577
181.47,75.53376466840996
38.69,-695.9672702354243
179.16,-194.55322639473025
515.01,462.78768349107486
1544.95,1614.1835491569943
569.06,532.2795057038854
313.71,64.95239685035062
1022.08,1032.8065513380568
445.68,802.9403269762288
533.36,476.02005575016665
1618.42,1740.593797442771
726.64,1235.3060477073734
834.02,816.8717507649549
798.86,801.3166420261973
1096.13,1162.9652841981049
1743.17,1839.5972423256483
1509.63,1487.8008312103145
359.78,149.8239261963215
1612.12,1913.6342916237002
129.62,-51.50792939751659
992.94,1343.4074967427566
1876.71,1878.2244093087804
337.64,131.02400245025592
703.66,783.8422205006477
42.26,-36.21592306715502
2985.12,2558.9881806501544
901.56,978.8923731138314
1589.75,1813.4532157868077
2166.23,2046.3914084431015
2905.25,2502.2376062007625
306.16,176.80732554927386
3970.99,3128.9945034258453
904.4,951.1447566782742
608.41,615.5349000818485
236.87,-93.89357113345704
277.0,472.4469727814917
3375.84,2840.521002488049
3451.92,2914.9038599080277
643.44,633.0268617679576
764.71,733.9846997587463
380.48,1172.9502865571333
2086.73,1947.4706692737548
2650.14,2367.9821404480026
2259.72,2164.5079450693647
148.65,83.43659770634076
2186.28,2181.2883101545485
1135.26,1256.7719611622758
1545.39,1545.2630022606315
373.63,225.3744243917788
589.28,505.16833013774703
1270.23,1368.9952332329538
1209.24,1433.6486407202763
2079.06,2136.9482753106968
1009.94,1011.4207887039295
249.91,10.98060305517788
381.02,186.48415500025067
1556.78,1896.3653569355995
92.21,-483.505306756907
229.71,-74.93578594235373
2166.16,2015.5267532134228
991.39,1408.3916123879583
95.56,-471.5984367183312
148.08,797.7961795392018
48.87,127.50353996326021
914.57,1279.8866497097936
1074.48,1106.535427728057
618.79,1209.5429096115793
31.72,-701.459665990891
390.51,257.1436179885402
213.92,-117.81255217396676
238.15,-91.41297320875378
471.89,1205.6441135742928
132.3,-341.61510546388035
2464.89,2376.644195479271
34.96,-217.2995715704933
1226.64,1254.2162075060658
372.02,1126.315045572712
368.26,430.364508864335
889.13,1449.995496880735
1273.95,1381.350597464059
87.36,-149.27856795194475
2190.57,2106.0309995993384
608.56,892.8181226712622
3298.49,2842.4177800250127
880.2,986.2990865668219
2910.89,2502.290226682442
154.63,-271.5043825422106
1069.35,1547.488047758962
48.69,123.53458328373517
1012.95,1138.7255851782522
1548.61,1680.0496679194514
1811.99,1809.6947410339997
199.82,-1.3522259260996634
33.93,-500.56631441104605
442.1,524.8327168405076
1251.25,1416.522467513166
1495.86,1489.715148907838
4418.25,3345.0170048017453
523.66,465.10542488147235
1066.72,1449.1511289773546
95.23,142.4222078325995
2764.22,2412.9010005903256
1542.36,1830.8074110811942
248.85,-67.58169297104268
613.97,1041.6966284566008
1557.07,1565.5863650826384
2994.06,2666.225166728842
22.31,-692.5645937830786
126.52,-361.95600844644696
2032.88,1971.0037667819504
1383.61,1592.477068543524
2038.8,1925.9621255157092
454.68,366.3425471571629
1376.35,1395.8783867118161
267.55,425.31561221212974
1095.65,1499.7126963381581
256.4,86.4784807689557
1342.57,1725.1339394888353
519.59,404.40343391311535
817.76,794.9898685458868
625.29,579.7090490027631
416.81,392.2334614661438
318.73,1029.0580667637848
811.99,803.8323202720198
1039.84,1169.9986591900727
1239.47,1563.7722932592048
365.88,174.52466447999586
2057.67,2006.2107171521773
1613.28,1633.4795924880007
446.83,296.65778317819513
434.14,403.6617520803386
618.27,565.3040408789243
1971.45,1904.0451629755223
324.26,225.95824477951805
779.73,809.6980544885091
2320.47,2141.150249166766
629.06,1567.4355172271914
1573.08,1875.4932540469724
3335.69,2843.941219100954
2707.09,2380.2974292687204
664.57,653.8814244960247
1467.87,1627.9220311795636
724.44,1343.0692386028534
1042.48,1190.7354358834898
998.94,1014.753304514036
2693.59,2446.013236568164
594.59,713.2754534044252
1451.49,1475.25752030232
1737.0,1686.4591471132924
1253.77,1282.5125640082426
2264.22,2254.06757767781
70.72,-559.9077228377674
2315.21,2184.931553765462
1405.74,1736.9630989031486
647.61,605.0111478347364
541.23,1561.943121471725
374.37,691.7669096463799
88.19,55.10516088304462
130.66,581.9841600900179
35.63,-596.795973728973
1138.9,1153.4162309603146
824.05,848.92658201994
256.77,278.9778748151971
220.02,-18.769031880701732
50.16,-232.16561895815312
244.73,155.4616383255343
445.49,345.48798442909583
2267.38,2078.8897388013484
682.97,765.9819154427844
23.99,82.83523715804199
35.36,646.923205235564
283.44,381.454156792659
2943.85,2532.180182902799
2190.55,2035.3890767716086
618.52,826.6488260900219
20.64,-720.3472905397552
3256.17,2720.279666237546
460.04,324.42293977431177
1754.41,1942.4343176928412
1210.42,1359.6215816007605
632.75,671.1754493267085
403.51,888.3781365493796
287.22,523.0511704454382
1752.97,1774.9789151594453
2146.39,2022.0464684598903
3447.4,2831.252591819214
25.74,169.65616452265613
336.09,145.44655073465447
2073.82,2244.668835903033
407.65,337.6778472832316
232.54,-103.31984324732935
495.83,556.4665842420593
817.81,1048.0058617763514
281.65,37.239860735913
1325.42,1325.1086876708998
147.32,74.01032559246846
32.55,-634.9971817694033
332.98,99.14956789013604
416.86,839.2096771585757
1763.2,1764.5253235545722
2436.76,2214.2953051690274
1584.44,1559.896032471747
109.87,-84.76548174909999
279.62,180.30269789368617
2443.37,2202.4585957726904
1863.99,1861.2911778678274
88.85,-478.10061180423895
241.86,-12.850677182533218
1173.92,1719.268205272346
280.49,342.7217488461688
905.62,1227.245353224405
4047.07,3154.401843221176
6.53,-783.3895581483376
1523.92,1577.4230744789754
491.85,526.7645746985911
1152.84,1411.8369191434474
883.76,871.9410246933671
471.68,338.82794789815057
491.22,367.12430440032745
333.87,316.7531239129255
141.87,-197.81058647332998
837.83,1495.4656519824327
893.91,1323.5200830419874
209.86,742.2658663469679
129.14,-54.98076649210111
2028.55,2110.6539373088417
1410.45,1537.3025536517532
4040.19,3186.987874382222
1903.23,1903.0479287163723
1179.84,1722.24492278199
1389.78,1691.327647070632
1513.71,1593.8426461744282
355.67,614.372254395638
380.39,201.49052367238846
340.8,397.1069565127516
1787.96,1740.6063425140621
2089.4,2104.372234328187
641.47,1393.7611370695988
873.28,1206.904450241838
116.08,-355.5590743238977
831.93,1315.0509697768769
2921.69,2552.643867009284
4008.05,3132.1290823805266
49.4,-652.2736664395275
1129.06,1316.972837456424
869.87,1166.7813745218607
1041.61,1119.3067607233277
752.48,1395.1968753427416
1397.19,1667.4788266723615
3135.06,2642.6920692206468
2078.86,1944.01537233973
103.64,-235.56829541049865
693.54,668.5495350282592
1943.31,2018.801653452582
1160.12,1434.2950717682313
136.61,-291.54210770599377
901.12,890.793568921112
330.38,219.49115001472978
615.1,1302.9010923832204
1750.76,1700.3680356521902
246.4,-60.583398300194176
3361.63,2806.3413716088235
1840.49,1800.2108533491794
1119.37,1128.079051807222
57.66,-108.13572272298995
4790.32,3533.0638676548124
840.27,1067.0788781093495
119.32,167.74184682513237
1151.08,1155.8442084033388
1144.51,1247.3933144408145
951.8,1003.7509728425432
254.37,137.61887342823047
1698.7,1644.6798610149192
1700.48,1665.394102458508
843.28,1286.3888247957009
406.85,269.03294786655624
67.79,-527.2690711950427
228.61,470.4274141206097
2268.58,2109.398595730565
1319.04,1606.4836480637566
125.69,-371.86085998470026
3340.54,2766.914907221967
1808.51,1733.9813863042366
1878.78,1791.1403795357699
3280.48,2740.1595299562914
144.09,-261.5293703617183
500.34,433.51662797957624
756.77,788.8434917604418
1204.9,1292.0440770854736
1076.55,1518.6780315112849
2368.86,2157.9656945730694
1518.44,1511.5444106452267
724.46,1005.9860085194102
1497.4,1486.2598519738133
107.23,711.4538315989685
2714.97,2428.082770868061
793.41,769.2267304500924
1076.04,1486.3951781690228
84.14,-509.2859850132611
1694.36,1681.5856520666846
2106.05,2117.546991016332
1598.26,1806.4273907768636
3159.89,2672.885203259788
2896.88,2574.5608295494712
1134.2,1144.9646578557638
807.31,824.1206027729074
255.17,481.8557047348047
361.2,155.79490137616926
1923.26,1897.5555329609058
596.83,807.0069746370889
680.95,792.2110878916681
868.9,1269.4430482834566
1438.41,1445.5254255270004
1792.12,1817.1841602005204
1741.62,2137.8628038563147
225.26,31.88778626492399
87.41,-405.22365329964214
712.01,682.4233432460378
782.76,1438.5321259454206
569.14,789.6252490036063
2132.6,2064.339414303764
942.12,1144.03003425683
1322.2,1318.0928528394918
4144.75,3236.1387936124665
238.45,-90.42073403887252
2216.14,2052.2571426595905
1266.0,1563.3037040133606
1310.84,1341.089755352359
1737.25,1676.413974290561
288.95,200.67368610810445
1035.13,1338.9073401571711
1038.9,1433.2753022592535
2819.93,2445.236474414267
221.54,-113.68573404940389
799.4,1064.909007985453
987.82,1404.0042467477554
451.95,301.1579397637804
88.14,-438.9422449150469
408.49,1327.2434774736764
1530.96,1897.8712558509812
529.71,425.6839555838842
186.65,-197.19168576447112
1451.87,1956.1953349652374
186.34,-198.18392493435238
4061.94,3193.45496914701
161.49,-188.34923403833795
235.13,371.7171568779795
164.23,-262.6794709766373
1050.3,1166.5082819349284
1257.94,1263.0761993927588
1123.05,1127.051732316221
2290.62,2256.5306354419536
537.45,435.7115882460557
933.36,1162.865038324015
172.08,-246.76856393741684
675.71,1046.6227439848878
1945.06,1956.1853447867018
1265.66,1346.1386520045642
700.96,657.9556221389082
21.35,-48.14033326629033
1486.72,1480.784996378906
176.76,737.7832499219423
1132.34,1136.4253839484143
3228.84,2695.3684460271543
1931.98,2001.4199278190997
3193.37,2731.352158551277
222.01,199.58120106413276
54.01,255.50239287794875
665.8,671.2280698083878
1229.59,1238.2702201457257
1099.99,1103.22045207851
469.03,783.0604632574832
922.78,974.8482607027993
1735.75,1716.8276827580305
1901.63,2097.3288691576836
595.16,1409.1759245238784
2000.13,1880.9029440889087
1992.53,1958.5656968373144
20.0,-588.3970211061014
2235.64,2167.1238691892777
811.53,896.9800211169445
318.09,412.7096906439201
78.98,244.60530216981397
389.27,527.3659352468901
1497.57,1598.2074765648033
854.52,993.8235860544621
724.26,802.198645143452
1678.7,1812.0350176742247
2317.41,2119.0578850209813
533.71,745.267673999195
3254.9,2715.6391883674823
944.01,1378.7021479157818
1162.35,1167.6809177996754
501.06,753.7367872643056
1108.11,1219.0668727067866
549.71,612.067058076532
1283.05,1282.8332819875857
1654.92,1608.959250899192
2871.28,2538.7875989520653
2807.02,2448.586530384933
917.89,1413.9792589282476
472.41,336.36489013400706
469.73,331.89981386954105
144.93,56.646140119545635
350.18,678.3616906744458
1011.04,1143.604075314128
739.5,1351.5032715468449
1310.34,1309.1276199894403
135.77,-105.56742399548807
622.72,552.8308906131692
1938.85,1952.063521751407
722.25,1397.6950134280048
1519.45,1527.3851570422082
196.41,-161.8093337886471
564.84,1028.8150594087035
686.64,908.543637926349
3759.29,3018.6229383924756
152.09,-297.9039615074237
1725.17,1863.9597224694191
932.6,933.0338942833066
3088.43,2678.763482547568
592.42,1009.9274348598394
219.88,-101.24766410476809
163.52,-257.7358152877905
1464.06,1678.358377219936
508.47,492.02365868145375
1115.25,1706.8827558093897
191.35,-154.56048178069443
1003.65,1205.8069701085985
1292.75,1333.665501738809
2061.49,2051.4929255769857
1784.62,1738.6218641742996
2686.79,2368.3905592301453
298.99,413.7194699743611
673.8,629.3034673362686
473.02,1206.1402331592333
1809.12,2023.868090265347
1448.04,1656.5115753219877
2097.45,2081.277640833985
3166.19,2785.8075268600996
1956.58,1953.0733010818483
2016.91,1927.748667000047
489.63,582.2472624984136
863.31,1200.45489563761
2210.41,2041.64568960968
707.91,1188.6357264018327
1419.72,1492.5640902042958
3886.24,3088.2776171395917
2032.92,2162.320534784909
3620.35,2921.2080981385097
1212.08,1605.9173678365776
2119.99,2124.988784790442
1927.75,1884.6213434313293
250.92,-50.78378772529936
239.74,728.8881777141298
2831.91,2481.1324861355915
517.71,411.27894746004563
370.74,364.4808499413184
652.87,1031.7391564366683
1387.74,1575.7943944396754
338.5,108.59338016456809
1015.02,1062.8242837716004
1194.63,1681.788584011378
99.67,-169.1058111890111
911.82,1551.5447052412862
558.16,548.6163716858077
207.08,-133.0168577015296
1101.93,1112.559023389584
1506.39,1797.5498587296108
1765.94,1718.9925577926585
181.32,-199.53196240469651
3617.86,2919.667118902009
1917.99,2005.4064246591845
78.23,-462.27740556781725
422.03,338.57739056104606
1030.86,1444.7035928734483
1401.9,1408.3164566564517
1407.95,1594.4440067227272
766.93,756.1697597965979
333.5,114.47665454161711
1057.78,1430.2559544464668
1858.36,1794.700917433153
2507.75,2241.24362420086
2229.75,2145.259527130769
454.87,376.77859860147646
1098.63,1765.0665136391688
290.12,20.710052987833706
362.51,250.34326017311696
1914.49,1911.3992559468331
853.36,858.9015942004323
1256.63,1313.3421389168018
345.88,166.5341306392661
154.31,-242.18070654903295
327.41,492.6551044616042
1828.21,1753.9314106652207
2992.57,2574.9166278499342
1038.78,1055.9487702246704
745.11,1263.6024042095503
510.64,901.1819949730143
2230.49,2260.0560930182173
1028.62,1334.938383477646
2961.71,2655.7891152845286
814.09,1252.1390332742365
1097.64,1134.3181244847335
1476.7,1466.4150685761872
754.6,958.6517160053547
2137.49,2075.7677049179583
383.18,665.4275011448694
970.82,1494.4032521703123
853.47,871.5676862323446
3583.86,2962.601500704569
3264.34,2755.702093623757
225.35,317.6401221194485
1340.38,1437.990935860824
256.31,-11.893518333771453
407.72,829.688154259881
2133.46,2026.5466250454754
607.96,950.3229240247222
1048.23,1584.9926444662713
679.25,628.1884470424691
731.23,891.9311244647392
1620.82,1767.3667148690063
675.23,1228.6560013549645
3273.88,2759.595894571775
514.47,978.689441169138
314.07,1255.767176921103
1938.14,1874.2779878790827
1259.94,1801.353403982075
69.17,-518.3389186661109
760.18,1288.7215514539027
1421.99,1494.0524489591178
953.88,1319.5937566656055
2234.63,2068.4010668753563
193.24,-125.52244344574058
1106.56,1276.7520707551118
1580.32,1864.5610830177181
44.89,1119.725169684006
779.15,749.8079059951681
752.63,901.5278030949407
396.92,603.3423923850489
1953.67,1853.2079481350308
1624.15,1684.171490954746
433.34,615.2317222630647
218.35,-6.8446216815661955
1067.4,1089.6849020006346
400.25,828.2950462898814
3632.14,2936.179386489528
2243.11,2161.6490135943704
496.36,1060.8974210027852
2720.58,2504.916140980891
68.79,75.92464328999222
3374.37,2785.271331864771
510.74,441.27414464376125
237.61,192.65306703552346
3708.93,2986.555562066198
847.12,1374.785811717936
2854.72,2516.9232568935577
188.54,365.72864153757223
931.94,1045.354857335319
360.34,309.84253004487596
781.62,1284.9355463619984
492.81,590.6812954424049
267.21,-28.86682518511202
691.52,882.2142196033749
2979.68,2556.0114631405104
855.78,1541.143734118092
1336.69,1942.747485690161
2782.8,2614.009829186156
673.02,633.7860837612941
620.5,581.7110675030854
1117.67,1150.4921339323498
1445.09,1616.7693880450563
241.15,43.86981203500682
1457.37,1600.8584810058358
1260.66,1333.7181222204883
436.1,654.61056125751
746.48,844.9000097694675
1132.25,1248.8992133561962
4533.32,3402.6194971365403
774.54,941.5606231193644
1687.91,1819.273879503641
999.13,1322.1018849294044
33.74,-503.54303192069005
117.12,-400.1396763263175
4044.47,3157.518882015298
2501.99,2364.684704959016
1772.35,1741.6336620050631
1186.69,1320.3930540693298
1676.43,1745.6076137738567
251.42,43.887352195566564
2557.67,2393.459640885573
2000.26,1952.6423470498783
1370.43,1500.0760446206448
927.11,1453.7039060446193
2717.31,2384.248845787686
259.14,-4.679746646938156
2533.74,2390.5004635364894
570.69,855.9900422437593
199.53,1435.8059657728807
2367.16,2153.483078148044
1783.91,1715.1113019159318
608.53,1203.5894745922913
1009.03,1035.0766673360433
685.72,877.7491433389091
642.32,757.5829628199126
818.62,1272.0013568324223
997.85,1014.4676668558125
984.94,1014.502747176932
3361.07,2778.325657675602
2422.84,2203.6613168692884
1008.32,1009.366149721928
240.39,-40.417896923224816
735.68,1224.7221249965585
190.5,-194.19742809426748
58.54,367.62541907453624
2194.66,2349.367608486071
896.36,1328.481278891394
1203.55,1700.8767003084224
533.58,546.1006934399848
2553.07,2301.467035744836
1515.23,1498.6803817578896
978.44,1040.4638221281514
95.79,-446.8450779529777
1236.17,1260.402659701898
1426.67,1558.653235964761
1147.02,1270.249895669204
362.4,649.5516744267686
212.82,153.9381992495928
1616.93,1739.105438687949
2460.78,2209.4919707646586
507.76,741.8123770651703
465.37,322.0125024918475
1721.5,1993.6223357445272
685.02,1210.9961880452818
1293.09,1314.7603370293853
778.82,986.1938456034634
1356.09,1389.2484354127216
441.0,449.3348391267298
271.57,-20.450332401680726
311.59,293.9140828450959
245.16,314.68094477036425
1614.43,1619.553163788543
1219.06,1281.1695216271667
2098.85,1992.2792933634512
302.45,363.55877141367614
682.52,1469.735039315002
953.23,1131.1484652089323
1429.25,1414.8887923845984
285.9,27.778508300920976
239.29,-49.120027364880116
1107.84,1703.4099187148051
926.27,1278.9044007184482
607.48,571.5080332353166
884.63,971.9291587641026
3219.46,2696.9445055847755
611.59,1131.3990225460368
1203.91,1207.8841443404278
1852.22,1790.731960753628
2693.14,2365.3612212388225
1043.5,1130.2614670024093
2011.97,2090.2954941657154
458.71,321.9423418496085
176.75,-216.55788973771632
2062.92,1998.3028890249777
940.83,940.3529069334979
1244.61,1455.4779024576649
80.73,-37.669201500857525
1612.78,1576.2328984536687
587.46,618.0505783276712
358.76,216.95793160834728
3507.04,2867.9654411048223
2516.62,2362.6826864586938
744.48,707.6202011146527
803.32,980.9595571671246
431.15,516.2282773801874
182.64,796.3253609449393
840.09,946.1434854184802
334.39,185.70239775708615
1728.76,1842.591499995852
792.26,1045.046684427267
739.76,1225.3661158480006
1906.79,1914.4762193305671
723.39,694.6509312639569
2022.23,1924.4386864397677
1065.04,1528.6179633706577
1888.48,1885.1700834979495
126.78,-225.61082339056622
1680.08,1629.3001538817587
399.16,219.3157484091323
113.41,109.19973580213536
2570.87,2399.909195489802
3604.4,2941.7244027266743
766.16,981.9868766581251
1297.23,1378.4039651862665
2630.08,2414.639916682252
1555.22,1546.039764414528
858.52,1197.478178127966
2563.77,2405.8801706696495
1512.11,1800.5265762392548
546.46,542.0916613500722
1103.51,1113.1954642590024
1266.56,1356.574703448878
1344.98,1352.4478853243152
597.18,760.3892738132274
150.09,-290.9933676393739
111.81,-68.39353544605842
784.71,1101.6744777527408
3815.59,3031.9304663830744
1012.73,1500.3391470290405
1403.96,1626.877171528003
1441.7,1594.6820189885395
226.02,-98.28848675568406
327.2,304.43284000293966
1888.54,2091.332803835252
4944.85,3608.987704311292
1913.55,1947.76885200327
145.68,-232.71935411404104
1273.45,1275.3739480529164
860.1,910.8312940848953
798.65,991.3956086114379
2695.77,2463.9086219471465
339.6,119.9515101365239
364.38,480.95116636772195
2274.34,2197.404704031217
873.68,922.7381641234708
112.38,796.7864002087606
2320.07,2251.038239686487
1296.04,1294.8103126684007
228.63,39.38719560998129
260.27,91.43967661836223
4087.94,3176.727224543506
967.05,1263.5597739064076
1937.76,2015.824935942938
1138.05,1181.2866285197895
976.05,982.0269520685126
641.43,1432.98966460103
1098.05,1182.8451479168505
1020.31,1035.3046894233196
262.43,-25.837487193789002
817.22,795.0074087064465
468.52,1080.7246642398516
827.59,813.2936727070116
2132.42,2110.5662365060434
201.13,299.7622769010252
52.64,-597.2394728322345
693.89,944.7954479481361
2147.74,2296.2828128974215
1450.19,1632.1666353387761
2135.36,2177.151501851449
1721.32,1674.5522770747164
397.71,484.6470304603149
2688.11,2449.3858277886575
229.89,-109.29081842717687
641.87,990.0300309805341
974.22,1496.3877305100748
406.18,1314.3443682652194
2810.93,2564.4680313343297
1112.71,1117.129340617408
4024.8,3142.086554400459
330.8,739.3593094795629
925.53,1318.6190576562838
67.79,-490.0776424850535
251.42,-45.18615100647435
734.6,1366.9005188405647
134.31,-235.5156749288194
397.92,212.81357332322477
947.45,1430.8473248162297
1252.06,1265.5918776385813
867.5,884.9629150257422
1162.92,1179.2319895377884
1150.82,1210.7030004050346
1374.31,1525.4132237737374
912.12,1551.5447052412862
242.53,-77.98266409423672
187.27,107.78153768955235
1548.27,1534.3834517130565
966.29,1038.9579232127696
1869.34,1793.1774783572116
1730.3,1770.0352594705985
513.18,574.4271351740133
1375.68,1367.2262319091762
2284.3,2236.8887839890203
2471.51,2415.491834567655
1086.13,1301.1145508988832
1219.5,1727.431585825918
3069.41,2742.113923064202
133.77,620.1853681304476
493.65,1177.8263364964967
1002.79,1074.199953904116
1167.89,1170.692715630439
831.92,1566.480913271185
382.96,546.438951579888
758.48,753.1755021263941
41.99,975.8504900512169
475.44,645.7154890496977
3166.54,2659.1692564870464
1139.86,1243.92047734623
523.24,484.4891690152772
1862.67,1797.677634942797
1104.81,1239.9866009878244
504.84,442.446780508508
336.78,536.4814795599557
1681.28,1631.2495519004017
634.53,633.5054411923386
1472.92,1934.8797329733495
762.62,776.2951857631795
1310.13,1387.8302373001386
348.15,127.92450381669391
1733.38,1673.437256780917
318.19,310.8999347677279
208.15,-38.9996988106418
781.07,762.1582751370049
1206.77,1226.8945500132102
3380.18,2790.7461874596775
2198.44,2198.467103843337
2305.26,2348.9416495433697
700.19,669.524234037581
236.85,92.96311569430372
434.12,274.8285214408063
252.2,-54.73520424426488
886.35,891.3773893088512
1492.17,1622.1916231582838
1331.12,1526.661015369991
1886.03,1813.290359252502
459.7,466.6689393678014
2242.41,2310.2267817574384
1921.23,1830.3864472277608
1641.59,1916.132429708963
294.73,450.1391316197221
3784.37,3011.501862597709
972.0,1064.738601469124
581.61,692.0776374471868
53.44,-616.0744768994196
159.51,-279.5299967040597
756.4,773.4813247878415
1186.37,1626.8847215100266
1168.08,1394.4376533494049
820.2,935.1636889968152
855.31,870.7909240784481
541.36,458.39276786884784
1907.09,1816.9736782738034
1315.88,1621.3397052728803
2390.51,2174.1271589493945
884.54,1519.2793920595839
106.72,-398.5460766081371
1748.78,1709.5487455182263
2334.96,2312.1486494369856
311.16,66.35305480237366
1934.64,1965.9373299691858
333.4,315.2647651581035
1305.7,1481.7547002989597
2199.55,2210.3915140424724
1842.77,2001.9862080462792
238.88,-89.42849486899104
1015.07,1019.2710012601813
338.59,166.51659047870658
1550.42,1537.5881913099772
103.31,-416.92004141150096
1987.35,1967.9744287906271
267.52,-21.886070674823486
477.77,652.1650436539264
2163.59,2121.789040282789
369.45,193.07403088895694
653.05,641.2980381776429
3174.31,2670.4572258167636
1327.56,1472.2933478639677
2218.3,2050.2551241592682
1978.33,1870.5721336079534
486.87,457.22013200410106
1633.05,1654.8302748010085
1181.81,1185.5587630180987
690.11,643.0720345906886
187.02,212.4452299514703
2051.82,2146.9057473306293
973.59,970.190242672176
2348.95,2153.535698629723
386.94,205.44194019135398
1160.94,1173.2610143579407
358.45,1051.4009882466737
311.86,121.65035081806286
555.59,624.9661672849891
376.4,1386.7602875059954
2733.33,2432.0341873870266
1223.13,1224.3087111251486
2151.6,2037.46125591417
1526.18,1822.3733781372032
810.4,829.081798622314
739.34,702.2155061619849
1582.62,1880.454449896379
997.42,1366.7351074135038
1078.54,1145.6762544566893
384.37,295.41498667120936
648.58,606.0033870046175
576.19,486.29824574944246
448.23,860.5428193110238
3694.56,3037.019438445667
1433.61,1563.1183122292266
252.23,209.65645911871547
110.71,-352.5998969748134
460.64,506.3409660024938
394.1,222.66580437979883
1077.38,1519.5399395752245
1374.83,1403.6359033760007
1403.46,1713.1744489685805
321.09,78.34762564374819
1129.55,1596.6214268286465
699.26,674.7710675452115
220.37,191.64328770508223
248.49,-68.57393214092394
402.26,472.7226202611794
1696.52,1812.8067847388531
356.42,174.22148666121234
1442.11,1501.0031182375549
77.22,-532.1074859205311
2523.65,2280.7753295510747
562.69,581.3427241313309
2522.64,2394.9830799615147
2343.14,2211.1782663749054
703.47,1150.399438040283
688.21,677.5147678783105
1724.35,1888.3046624526307
1355.87,1404.1671032820607
1648.3,2101.610993834528
573.34,1012.8264417452208
726.38,983.5103157340666
962.62,960.7990508794235
303.35,143.1463495048165
1069.87,1667.1756488535777
482.67,828.7385453931429
1539.39,1540.1038695557997
2029.85,1930.7078443491312
238.73,130.65565907850169
1503.18,1795.5653803898483
167.18,-2.8531297522131354
432.69,270.38098533690027
47.02,-636.9290396274866
1148.44,1189.720661463781
466.95,693.6712371653671
870.31,875.5015625907504
132.48,-308.19969166725923
323.5,89.7934564185025
2381.99,2169.8901047722047
1839.93,1939.3874395409582
395.74,413.03540371253166
1709.24,1688.1805230446587
1360.89,1365.3469945327718
2544.09,2265.571024023512
473.53,494.9953811018295
83.83,324.4805553452593
890.25,956.013256635614
153.32,-292.8901451763379
1842.34,1847.9435744668406
2025.87,2121.586108338096
1041.28,1047.6725987257166
783.86,873.1487408792334
2474.78,2235.4129703054905
393.56,234.26949659959087
2992.84,2615.721214938986
846.46,1142.852403302815
2472.32,2394.672352160708
465.54,449.3222940554383
351.1,197.77212432996748
2435.25,2193.633684207117
2063.3,2033.597540198003
2449.67,2469.0201292595675
3217.54,2689.3799306867477
1134.87,1154.2155283640388
2760.29,2412.5452022898626
1157.98,1673.3370109068267
435.41,354.08487390739265
438.02,299.5818802061599
108.44,-425.95543490379123
3937.31,3109.1497200282192
128.15,-218.16902961645644
154.37,-293.4038049218383
1294.64,1376.419486846504
169.24,-239.87551022992693
1725.06,1893.3810894439318
2508.1,2255.7538732880575
1134.39,1164.8796018956289
635.34,575.1913522566181
1390.21,1583.5293758540327
728.35,1401.1678505225893
1964.49,1967.0999756553958
1346.5,1357.922740919222
3912.25,3088.5407195479884
928.99,989.2532688266376
77.38,-497.98047552298453
1030.22,1030.7343721954956
1932.41,2073.4625085988528
496.11,434.3460106151517
1793.87,2015.9301769062965
11.63,-530.3685698286048
732.43,736.2723559172925
2277.78,2142.7313038136554
173.71,32.867480363514005
1339.11,1427.0587648315698
2290.47,2134.7357748836575
205.25,-81.33272006490301
644.77,1627.4659870050107
3676.67,2965.4855223221457
516.56,906.1858211255637
3501.55,2885.64534946782
204.47,-52.89104718898011
893.42,1219.3074398653546
1248.22,1248.1224512022998
1397.43,1450.3413050026613
189.43,227.32881749968988
804.58,793.9099285732068
762.58,1345.5322963669971
807.37,1136.4829995193616
2878.51,2498.461591287395
1263.83,1309.9795378748438
498.85,383.61903182728724
102.04,-3.41940997939264
1197.99,1818.1863895489375
3454.51,2829.4259749244893
1214.94,1216.3532576055384
250.54,12.153238919924434
691.21,649.0079294494167
39.46,-549.664613159611
2092.0,2191.591590296407
2477.2,2382.597630498559
993.08,1135.270288244227
50.3,163.22415007898712
1136.74,1181.9456046390362
202.86,-17.187977233812717
495.95,490.517759766072
277.88,46.91669018688958
775.67,752.8723243076106
1037.57,1121.8274340584187
118.15,-273.2383035448688
807.45,970.5235057228113
1133.24,1275.6069652294611
195.54,265.03390595517953
1482.46,1476.0342824562165
748.94,712.6164772851787
296.22,153.54732062801054
2132.8,2049.904320948074
2285.85,2303.316187889389
246.72,-67.63431345272193
3196.4,2676.019782214469
259.23,-30.44288474273276
44.38,-626.0319489193521
923.59,1301.237332022801
564.14,487.681363540906
670.99,644.2396753661674
1399.73,1482.6116132736313
2580.84,2290.3945434311045
86.47,-158.20872048087642
274.89,757.1845342163069
1685.33,1657.7192915078538
1217.1,1308.9171380627238
780.01,1147.3701000489598
789.94,1489.033637538764
3315.77,2770.1421820687156
1127.67,1291.139538718391
878.81,1480.5469841130937
412.26,848.0445789026855
3759.42,3000.657392371253
1519.68,1776.6777558409838
113.52,-400.174756647437
159.77,569.1025910421204
621.6,548.330734027584
373.08,190.57589280369416
400.3,886.3936582096169
618.33,667.6850720715645
76.36,-258.42487663888824
1278.1,1416.6928740294954
1149.45,1167.3251194992124
2831.83,2515.9360128129438
736.13,1119.5874032922832
1092.67,1197.7337305543385
1097.81,1392.009675906381
788.78,1396.1715743520633
1311.3,1324.1690689826976
598.13,843.0558527141827
1054.95,1216.1904010712326
1858.34,1772.696254090167
986.17,1015.494986346813
788.75,809.2194750641281
67.66,-490.57376206999413
2871.36,2561.661720341015
2735.13,2390.628239749676
273.29,454.0905481386876
1194.91,1197.5182535383535
1971.18,1952.098602072526
621.45,702.3959028568502
226.9,637.6021740850497
1373.92,1365.2417535694133
177.03,-233.8694547289599
2695.91,2389.2977424398914
81.02,-396.3110409312701
592.81,806.8040426923956
974.44,1088.5348013857158
1485.21,1703.678016212469
2357.45,2251.4992789503085
891.44,901.8134407531647
210.66,-134.52275661691124
3969.69,3123.304170814953
1533.95,1562.9955311053088
382.66,725.999161007285
582.59,622.0245300964646
2765.49,2413.8932397602075
212.34,21.509350391557973
190.51,-104.1542209721731
218.14,405.43574849338415
1004.95,1121.3438595447694
1398.98,1564.4011841466001
3800.43,3031.983086864753
4136.02,3200.0799253568357
737.65,780.8128825093247
186.72,550.763706559876
445.45,1308.408473406491
1304.8,1493.679110498095
109.26,-322.3541424539934
1341.74,1430.0053971093623
2893.12,2525.3222095164283
470.33,409.6678075813054
1220.63,1222.8378925308864
3100.43,2647.8988273178893
1553.91,1710.7915420252123
3791.57,3042.103415418992
529.37,741.7948369046105
1409.6,1398.5343862421166
2389.98,2219.642384550748
378.42,501.05405708447574
2175.57,2040.4028931026944
2104.03,1963.8776958979158
1527.33,1654.2514495025373
3913.75,3089.5329587178694
335.23,446.2052552613163
2752.58,2436.9778430758734
1455.99,1962.6448895694664
12.45,-489.68676386347136
1146.56,1161.6748622987086
1063.91,1199.287254862131
1141.22,1168.5854561667577
627.59,605.7402845962217
456.27,1030.1204665759049
489.56,981.6836988393418
1122.41,1284.0234580128924
394.93,217.34881022992954
1592.28,1816.4299332964517
920.59,948.9974218042059
387.2,395.7539239531393
385.61,223.3548657308968
462.63,622.655975876615
44.65,-624.0474705795893
2078.7,2148.376565924891
680.7,1154.3859348803678
185.21,-126.3167457601968
2224.67,2234.2227942801837
1755.57,1983.168744139654
1214.68,1521.6121187177857
360.35,180.17492168050012
246.27,-1.2419898734731305
2070.68,1965.6166119898423
142.99,-234.00977601343777
1066.33,1076.820873113297
3520.59,2890.0928855717266
2099.3,2158.795077208645
882.58,1362.6959900917393
25.0,132.94331523704795
3211.21,2693.774846308974
1837.32,1775.3347134599078
2918.17,2510.6716391447535
4491.21,3381.764934408473
2102.57,2188.1638237014786
276.38,126.18558772476763
2346.32,2194.836405303715
166.14,206.9703743565633
1004.17,1070.651961078024
511.7,494.94276062015047
1028.56,1492.3836935094303
3000.56,2600.2888873241463
2530.99,2256.623331334021
1132.77,1715.8129083383212
547.98,493.58217807851474
271.7,-9.465540890747434
1155.8,1195.6740964830685
167.38,215.90052688549508
392.77,329.2262741786808
319.7,104.23354486346079
1762.82,1705.311691341037
1144.13,1202.2689674610435
1188.11,1261.2495824980335
782.23,754.3256027413131
429.21,545.2087001441939
1663.58,1699.503572695495
898.81,983.3349141284696
644.55,670.6968699023278
606.88,636.4070029704753
564.04,583.8233220560342
964.68,1003.6056564687972
232.95,-42.41991542354731
1046.1,1064.0971655104374
886.24,902.8232200836057
1690.21,1672.6379593771928
3075.47,2603.5512424920144
1227.13,1360.4784945754325
315.95,188.71419558784964
1436.11,1430.8523199054978
173.07,-195.52792540405187
182.98,-142.39050933372278
428.21,388.77816453211904
746.64,922.6905387310596
32.95,-516.9382607140876
137.33,-259.80799443035175
92.16,-101.65108779764205
1676.53,1757.171230583261
1174.32,1457.116572675501
530.45,602.6232458021
1283.25,1460.6771105728842
239.78,112.32931966754882
380.08,229.55885808728885
2271.51,2088.4738723602586
348.03,134.9578788086617
712.54,1568.9589563031325
621.8,1072.8744516835993
488.4,397.0844212629238
1918.72,2017.3308348583198
461.31,483.58463064819466
747.23,710.6319989454162
518.93,450.70041675763355
487.95,537.1179204293737
1201.95,1757.181220761797
856.23,898.410764300819
1955.65,2037.1756182559463
925.08,1148.4775703607359
648.28,687.0287407949816
1095.24,1098.224175907984
1187.91,1549.402365456486
596.94,759.8931542282867
206.53,-161.8794944308861
1205.65,1636.8071132088396
1537.46,1581.883155654173
1405.38,1456.2947400219489
1375.52,1489.5222071416808
591.47,1285.65713314146
757.17,1280.7836380948527
1172.62,1223.9879931458051
1571.78,1541.4869873472633
51.04,-217.77815099487407
1416.96,1779.7246339928668
43.3,-10.417704650241149
460.37,1046.988532463887
401.95,238.71703270349713
1388.59,1418.1862278735855
2712.39,2376.2583119469564
1510.34,1718.065484175748
370.89,460.3371707982228
201.5,-96.5320305031978
1447.6,1540.2441908402777
710.88,975.2265942530896
506.46,455.69669292815956
1202.84,1700.380580723482
83.02,-381.9235729679913
1243.57,1244.1710346833345
186.94,-147.86536492862967
210.63,236.2765101891814
222.31,201.06955981895476
923.82,1334.0163049500036
22.42,4.944462322359641
1197.78,1200.459890726878
687.69,735.1698806947848
609.88,835.5965187795134
98.61,-335.76691140795083
841.21,830.6578581799345
362.57,469.78098307265486
638.69,624.5928288239663
848.91,867.5987295528193
1896.64,2094.8482712329796
384.4,340.61948447175587
2797.38,2431.78862513919
1001.8,1089.0660012917758
1032.94,1070.5993405963452
743.24,753.1404218052746
547.6,772.0756717465499
1127.57,1165.3932616411291
2144.96,2217.885928298262
2646.16,2333.0608277360006
75.01,178.6213973727074
572.06,698.5447322119751
526.8,1314.8605829034752
386.47,285.47505481183657
629.36,616.4920589306103
366.38,327.2067155177988
160.54,334.4555675257516
37.83,-436.07076836876126
74.03,162.74557065460635
405.17,307.8004361341659
3550.0,2893.513102184632
303.86,71.96823168175865
295.07,76.96450785228467
3684.63,2961.463945160942
643.11,632.5307421830169
4223.59,3247.3165268895564
3271.67,2722.70764368057
184.6,-46.47657290587108
1808.82,1733.0242274554746
685.88,643.1948157146069
285.91,8.342143685436895
692.94,642.6460756479871
1134.11,1841.468929720029
2114.43,2059.295512740827
599.16,1193.8925500879993
2605.91,2306.7664897341456
1632.0,1982.5773737698912
671.56,1314.2943026762957
2305.29,2143.1698078276486
427.7,459.6881848575126
688.2,644.5428531849509
244.95,225.89307922654712
102.17,-148.26878862150352
1412.73,1675.9128596163525
321.88,167.96986891240886
37.57,-152.30790594326777
820.6,1029.3737896538598
245.36,43.77711614294003
1012.65,1023.3802792241843
1777.17,1709.2280275388828
2667.59,2369.13723615219
715.86,1173.1256881627307
382.76,219.3859090513713
22.03,-14.404201490325931
773.86,1127.0116569058334
57.51,-619.494693512325
4469.65,3370.8327633792196
1565.77,1559.4525333684853
2052.7,1932.143582622274
327.56,598.4788875169775
415.42,500.52285717841573
2830.99,2565.47781066477
2307.61,2138.6871914026233
113.8,820.1040207009712
655.1,1121.1283825287844
587.43,737.0716533210166
418.14,1006.785305923134
1202.51,1204.960047312463
958.0,1611.114135755284
1869.86,1813.5885419820177
165.92,1019.0655144227323
2957.87,2584.4306007666055
382.23,227.34136257098157
266.45,419.8582967777827
1328.45,1496.1421682622388
3721.74,2990.045939321343
692.75,1109.1864321690894
1249.18,1267.5938961389036
3349.48,2803.768077792053
21.76,-27.799430283723495
2085.19,2037.0528371320281
968.28,1328.523909194537
101.47,616.1988712903631
441.16,391.77242220232256
1208.18,1245.7997147226345
1624.59,1807.8982093711259
398.1,240.7190512038194
2095.39,2101.1575045527306
68.6,-426.095756188269
124.76,38.2721753161818
804.76,894.0158486785922
2204.48,2083.1393380498293
2177.78,2176.6203019453887
316.45,67.91157419943465
8.61,-680.1966844806819
72.15,704.98673683418
2659.76,2445.5521973043424
1533.58,1621.0465176326331
305.93,334.08222906472884
1854.76,1991.6478475833007
430.41,792.0256961075345
654.52,689.0532945451318
722.65,687.7227972353473
1048.02,1318.0352372685445
479.47,1269.6961605133163
1276.86,1832.608937833336
1735.47,1709.8644684083017
427.09,559.3731411094645
616.29,669.185975897678
1370.99,1433.5133145250663
940.51,1214.443934997283
3873.01,3114.4842543386476
1050.68,1140.1838587012228
436.8,410.11130668456667
2021.73,1904.3258055444778
4079.27,3170.3653707420763
433.78,524.1661907392379
308.99,129.1096847527324
1471.03,1452.6289611612071
3392.41,2834.1065282049403
310.77,640.1353924914322
1634.1,1593.5970839265913
1509.3,1497.6706024274483
508.35,893.7402011989045
973.2,1033.0220283540418
76.91,-532.1776465627701
217.95,-134.57537709859048
248.9,206.18362202413073
1735.16,1810.599279401082
1283.07,1281.3624633933239
700.24,1063.5008000514065
1849.45,1985.6944125640127
1286.54,1439.8576281659368
469.36,644.5027777745634
898.76,1508.8433406152706
729.46,688.2890774625268
587.22,755.6511049618293
2717.76,2458.91234577662
289.3,846.4860595056243
998.65,1378.1709480097218
3250.66,2820.5709781270643
589.38,978.1156109599349
2014.85,1966.521150356925
2035.16,1907.746022157383
986.42,1075.1521176636095
2562.75,2369.0971607418023
511.75,905.1509516525393
384.91,540.7787042008474
2145.9,2033.9884188195854
265.62,415.8893400982572
1920.18,1865.7337188824652
828.88,1307.6091760027673
1640.85,1842.661660638091
2092.71,1953.8149829146248
2325.05,2215.743588513462
2562.67,2281.003351638351
3721.26,2993.997355840308
742.26,765.5258712682312
978.85,1094.9843559899439
503.91,705.5605670433831
2342.4,2176.99863549568
644.43,634.5152205227794
1747.55,1731.7288104668098
174.75,451.5397895717456
1356.79,1358.383780183043
2869.96,2525.3973652479362
1954.31,1981.5225239397944
809.63,790.0812931781595
123.19,-290.5849488572319
1434.3,1429.3639611506758
2385.71,2337.4507482689587
1766.55,1808.1537617974984
714.34,1246.2382187366277
637.27,705.3901605270539
395.03,777.0994782561722
1833.07,1787.439520353909
1545.66,1644.9955839049942
3234.52,2808.6641080884892
339.71,249.3159406821162
1633.26,1838.6927039585655
132.2,1124.7214458545316
1215.04,1219.3825955968616
1239.27,1439.5845355790045
847.6,1357.4040860844532
1456.06,1438.7200726223093
84.72,-175.57290595379914
1313.54,1312.688157886824
472.14,582.2297223378539
618.38,826.1527065050811
851.52,940.6560847522817
654.63,1264.8551908950724
96.83,-459.14282661313575
2259.56,2252.0830993380478
957.15,1073.698839229907
113.15,106.7191378774321
3290.31,2757.5763359108932
806.4,888.5459881729535
208.2,-145.08158918514278
338.98,538.8293061822044
872.89,1337.5242223657076
1777.82,1729.411069076412
817.85,965.5447697128445
11.04,-810.6585951595138
1612.37,1632.544968889067
607.18,571.0119136503761
1382.82,1597.6061160165043
1758.5,1817.0663741658698
178.27,-212.09281347325043
1303.01,1487.4675681596793
965.03,1326.5394308547745
756.74,723.0525287294922
355.38,181.68082059588164
332.43,367.835901001253
61.56,442.5394764005748
832.61,819.7432273112402
267.69,18.637873845272452
887.74,883.4043956286812
984.33,1307.1556867209695
896.92,1190.993543202618
1776.23,1967.2578371004336
1607.16,1629.5106358084756
564.36,571.876376607071
908.95,905.7297769510108
331.49,225.50220060496486
1216.83,1399.8598884626329
127.33,-222.63410588092233
14.15,-405.34643442356037
384.15,379.2992719365675
2666.95,2350.9912934361028
3682.83,2962.969844076323
827.41,882.0563581583372
3171.75,2748.6511784712293
831.6,1348.4739335555216
2392.19,2221.13074330557
160.34,-274.0902214302723
1231.0,1233.2037833329612
1901.14,2007.9045627444477
646.83,589.9521586809194
1144.04,1862.8020718724772
2423.65,2269.324503687052
663.37,1272.089057635221
1499.58,1510.3366944593606
2609.71,2309.2470876588495
399.34,519.4104817272798
622.01,818.9313848362244
386.69,395.25780436819855
849.87,844.7070680033105
1226.69,1243.7626159011927
252.14,-47.80707021565536
131.97,98.30264509400081
837.2,1136.4028486985865
3276.9,2724.178462274832
781.61,1428.950547279266
499.51,968.767049470325
80.38,-502.9241312118313
405.91,399.7053404721048
3096.96,2693.085784957876
226.24,-60.01711807301467
34.78,618.1482693090063
2884.4,2497.2237898696767
3642.68,2944.6309595940793
2625.53,2394.381719413216
648.29,1081.4037354124127
2163.88,2005.05562144799
554.32,471.80553682280515
2077.0,2216.407559721976
1300.72,1458.7101723936814
340.0,549.3805887684123
239.94,288.38660676850964
2436.0,2227.159334056365
616.39,556.1809465838357
392.47,480.1819541958489
2007.12,1911.5395772313111
573.18,642.9091780563829
292.48,54.10792662389508
2912.94,2514.319877844936
163.04,354.7964705083184
236.29,4.05246902656836
1185.19,1195.0902760953293
1963.09,1922.3615122079384
1132.99,1146.7912747504886
1546.75,1625.1157201862486
481.39,809.8684610048383
405.16,491.404757972595
1078.57,1721.407990164391
1398.43,1696.2888429200386
292.1,281.4935530610196
1404.14,1425.9612846983302
899.9,1103.8268077160772
3078.08,2680.765501047891
1107.2,1668.64646744784
1374.9,1757.3992526705376
800.63,978.975078827362
47.41,91.7829298475333
989.33,993.5780238066257
2244.28,2211.348672891235
218.83,-111.68371554908151
626.05,643.8312565840254
680.96,1226.8895549239421
2466.25,2318.492963077856
744.71,1391.2279186632165
521.17,472.06863923120113
421.8,268.32634635489853
1087.27,1101.802253965927
17.42,-243.1153301479668
1032.32,1238.5684028752414
1266.74,1293.4271948769372
313.17,134.56700018707943
225.3,-42.437455584107056
2195.98,2072.778442337023
1409.1,1405.3748194679272
416.28,533.7979496905589
90.75,-115.54243617598036
763.47,1456.7683243570616
1105.65,1236.4135180191495
565.12,1066.0591086003722
190.73,-200.09824263187613
207.37,-123.07692584215681
227.41,-114.23447411602365
1939.05,1891.5670176204987
657.48,620.1803730411798
295.22,207.6193602972735
1753.32,1735.2016475613943
938.72,1494.420792330872
136.41,-3.384329658273373
2082.73,1995.2910911942147
573.93,666.6402124200038
283.06,292.5610502854836
2908.87,2500.8194080881794
904.71,1529.6979033433379
1550.1,1554.0127580946976
1905.32,1815.4853195189814
599.82,1451.3811695649536
477.44,843.1435535169815
14.78,-717.8842327756117
296.86,371.273657774718
440.1,407.60817351003584
1569.01,1935.9245926249102
329.38,423.1282019276739
2596.19,2317.0446797334216
1905.45,1856.307446768593
1624.53,1684.6676105396866
398.38,586.9529059214476
360.49,1062.3156191153678
1377.98,1527.8938216984404
1414.2,1433.8991980573808
2719.65,2476.3116115706625
150.38,-259.27679452429163
891.73,983.3399092177376
2346.29,2157.026075884867
93.9,125.55414194461696
1095.63,1098.7202954929246
2252.38,2188.7827244103373
2099.6,1958.402840303009
486.44,444.39617852715105
39.98,-400.35015825303424
950.08,954.384576596314
195.23,9.083825518213871
535.25,469.7684380013634
298.26,55.082625633216594
504.9,461.7779041606336
259.71,120.2496928660396
2514.0,2252.742075457294
1411.95,1581.2692500345822
1999.74,2159.336267293241
307.74,415.9244204193767
1007.29,1064.1848663132362
1785.47,1751.7013700776222
1869.62,1826.0266119266532
1187.73,1270.1972751875248
1319.95,1478.760442628756
591.74,508.14504764739104
2394.2,2191.2758674063316
3290.87,2753.589839070808
1894.16,1916.4782378308898
87.11,-272.7948044416073
989.8,1055.8435292613115
892.37,1634.0207825725968
86.71,-497.43173545636455
471.83,412.6445250909494
1075.16,1087.2393843970506
1403.37,1397.5772273933546
1280.62,1778.549443235365
2154.64,2001.938582653868
875.53,1227.7865433090012
858.29,865.8472683896014
1665.6,1622.9032197592094
591.78,577.7947313052393
1131.67,1151.4492927811118
1276.62,1276.3837273833576
146.07,-176.97356390582263
1162.48,1192.8953158288498
2194.57,2057.7846187361774
651.7,664.2648554586588
1707.85,1822.471069118538
73.95,749.6374994788387
2571.6,2391.457622385251
112.07,-395.586899259053
619.64,1531.2187875265238
995.43,1092.5338432970923
1344.69,1440.9676533704676
1110.52,1644.5445348197093
99.4,-330.8057155585443
454.03,309.06077280171144
2096.41,2026.5992455271546
1591.35,1603.1812174855015
1068.5,1225.6166731851051
617.16,722.3409321285667
147.98,796.8039403693203
481.19,427.9139961714832
590.51,505.64690956212803
1649.32,1612.998368220956
3574.53,2977.4500079316695
3165.39,2676.854159939313
173.24,-97.5768901547583
1501.13,1478.8882188419423
124.51,-378.7714538527499
766.28,842.8854461978538
66.3,560.1198180315093
1697.07,1925.5837919654189
657.57,637.3115413375579
372.46,174.55974480111536
2543.93,2359.1747690429893
1001.76,1153.5089268523814
2012.69,1909.3396218755636
1215.47,1222.3768532670654
345.32,211.51815633455976
1196.13,1267.203017517321
669.52,612.8262800698687
1536.95,1649.9743199149605
616.68,922.5051469469261
339.79,152.14666267598727
1239.05,1243.7099954195135
1979.31,1865.0446575313674
970.08,1329.5161483644185
1246.39,1386.2767129923461
811.55,1444.8263739973665
2127.84,2273.9574315750915
275.98,97.871691062031
1258.44,1261.074180892436
93.78,124.56190277473593
1564.09,1814.4003844570332
157.36,-211.88233154653358
1369.78,1666.0080080780992
190.48,125.1457231624754
978.54,996.8754592956127
544.46,847.1400405356028
215.47,-140.03269253293774
999.2,1176.8090071840322
286.27,653.5130811242702
268.34,-27.396006590849765
2007.82,2022.0163832280389
2010.79,1894.7416719855676
2459.77,2363.7275461102536
360.13,403.57405127753964
3014.06,2714.3136861469666
2103.72,2023.1088682720103
198.37,-76.20866768119072
635.13,724.3078703077695
90.84,-480.56366956838247
2142.16,2137.1336670948303
794.38,768.6604502229127
331.78,515.6444569924481
3226.13,2693.8976274328925
1806.19,1731.5534088612123
75.84,-263.38607248829476
44.07,-578.9181285105498
540.73,561.4804005731451
133.15,-338.63838795423635
1704.13,1683.2193271952526
878.04,1178.5905535791014
392.32,451.71519117734283
249.97,453.0807688082466
261.22,881.1968902909102
1722.17,1746.6825586572684
2502.59,2284.137930593033
1780.11,1725.6876746447235
2647.03,2340.9110402922524
570.17,534.2639840436482
1703.12,1753.167193582616
2210.62,2086.6121751444143
1481.3,1562.5695721626068
126.81,-360.9637692765657
1087.39,1740.7566539770767
1404.36,1788.1762070974175
1142.47,1371.8015442262683
2585.78,2305.155349855406
273.09,136.62163916908116
1183.49,1403.8639254632774
642.18,579.6388883605241
2559.54,2276.4505745710867
1965.76,1870.3791918417967
884.49,880.2873568345597
1156.66,1310.984322116017
4152.01,3210.090017858448
842.73,1603.7399477306578
831.07,872.7227819365316
499.53,381.01565277866575
201.68,-111.63109506740238
247.94,-43.6802520910926
657.15,694.0144903945384
1033.97,1045.0516795165356
1020.78,1230.630489516191
7.73,-723.8552079554593
72.48,136.94735223769248
2046.26,1952.5721864076393
2192.82,2124.918624148203
5.67,-826.0558424532337
475.66,875.3662363955405
199.98,-70.25523266190294
833.5,1578.4378488986847
570.59,654.3374686705777
894.4,887.3558121476469
1343.65,1340.9845143890009
2063.58,2105.657661138316
463.07,393.79198086320457
465.42,853.579604961295
928.04,1017.584705649934
2612.81,2311.745225744112
301.91,86.88689955109771
3244.92,2704.7947181410273
715.69,1246.7343383215682
151.24,484.7622616022095
681.01,737.6730138693158
2693.56,2430.5984491138834
787.6,955.6399181745917
1040.8,1042.6763225551906
972.15,1370.1904043475286
2280.87,2086.932893123757
932.74,930.0396366131029
241.47,549.806547711114
141.08,-320.76054273581303
930.79,981.7939348919683
56.78,-122.52319068626878
761.8,729.00596374878
1500.86,1540.1740301980387
464.39,1063.8565983518695
109.34,-425.92035458267173
855.14,1007.2363550084194
2391.23,2318.563123720095
469.99,1429.9577717169511
2206.56,2064.8756092990925
1011.27,1102.4612300851734
25.83,174.1212407871219
1104.93,1108.1816479279166
679.28,664.8135955252787
77.21,-468.72696017204566
490.88,368.71790411850793
1068.98,1322.6506249960246
776.99,1229.8136519519069
1181.27,1186.1250432452782
84.6,-497.4492756169243
523.37,410.3393287718434
2154.29,2094.1416697213226
1288.24,1296.351291904902
649.03,1152.2535852741041
1507.61,1691.2399462678334
2127.63,1984.0607374354452
1046.54,1551.9706641839878
536.68,430.1841121694697
161.59,342.8896004697426
1979.36,1995.4138723181325
2586.63,2296.383058771511
682.86,1283.003688503915
1535.27,1521.6948244313164
241.6,142.56252911707725
170.98,-149.15578682802652
1162.72,1189.189461557721
1118.07,1123.5087345793975
1997.9,1951.1539882950563
1769.49,2031.3449643605766
152.24,265.4949452190008
945.79,1224.366326696096
25.37,-641.9603961191322
867.14,1156.2476320962126
151.05,-152.1675846587898
3255.89,2742.82052457586
1611.84,1598.6635207393563
1618.33,1608.7838492935946
664.67,702.4084479281419
1162.48,1569.1869783904096
2279.62,2219.7651656746657
3424.46,2815.0560471217696
598.23,516.5615404308223
1089.33,1098.6676750112454
756.38,1270.5480783987198
1060.71,1082.243108226525
1154.86,1346.757552713423
454.53,1023.1747923867358
887.96,1485.5081799625002
227.34,-108.24595877561649
1655.27,1617.9595640703626
67.39,52.60702279778161
315.83,128.29784227771643
221.53,296.3069799670004
12.33,-495.64019888275914
689.41,669.2962119503043
1112.66,1124.4658934281595
151.27,-287.5205305447894
819.34,803.9901817170573
941.08,935.4618717263304
2566.28,2300.1590736848793
3726.1,2985.295225398653
671.48,993.4853279145589
2050.89,1962.0159986820715
882.18,1433.6235505776929
995.12,1490.912874915168
99.59,-407.6691709032259
2698.73,2414.2314979001103
904.64,927.8622165071831
3259.1,2713.2287510850183
980.32,1448.7076298740933
498.42,375.57587750487824
679.06,705.3676252772259
2970.53,2540.473894562312
20.38,-96.26393300553377
960.61,1388.1284200296543
399.41,714.0823007901729
2654.98,2449.846867052479
446.83,878.4206645294471
866.06,963.9737052444923
1110.11,1712.4953777960188
1182.03,1249.4003280304053
964.77,961.2425499826847
468.58,1143.5765449750322
656.34,811.0285517982934
592.24,622.515654592137
1612.0,1800.9525351819564
1870.16,2009.5081526411643
267.84,37.27494105703249
521.11,1036.108981916312
228.15,-113.25977510670214
604.86,622.9942340165178
305.33,366.0393693383794
30.94,427.6383486917955
794.0,1528.7582846551356
3091.35,2678.2197375702162
93.11,-92.22481568376952
258.79,-46.762210564095085
378.58,709.1310951193025
507.8,412.94270782046465
682.08,717.8457706322495
191.78,-182.30809821625155
1468.79,1631.1568560083354
37.43,-683.5818207724678
1249.17,1501.3062960563386
396.35,297.38192485041213
729.43,692.7015332453138
542.28,437.66098626469875
73.88,-446.9152385952167
3009.18,2576.3699062836367
1440.52,1489.5522923735323
402.99,301.4786577431239
489.67,780.0662055872797
2240.6,2242.1607076392347
964.19,1543.0755919761757
289.54,33.57408187517126
1464.88,1467.1216700878447
483.79,391.62710582857653
1260.66,1595.533936873943
1920.27,1843.057534348941
345.86,562.6605864199153
1102.83,1125.6510743641977
1396.08,1441.3936123131696
346.2,124.50428720378864
2816.3,2503.049448675779
1070.25,1171.4519376237752
1997.31,1894.4384941667843
165.67,376.625732245707
677.51,1453.363093011961
3428.2,2819.5386635467958
160.62,-256.26499669352813
548.89,495.0705368333365
160.09,572.5754281367051
452.51,317.9558450095237
473.46,778.1443379077323
1510.56,1537.7685880048427
5.62,-828.536440377937
515.59,762.7997110956917
1569.7,1577.989354706155
263.98,53.827284054939355
1961.59,1851.63188857741
255.11,2.7445069666118798
617.79,544.8228166118797
509.35,494.00813702121627
1016.68,1129.7302670963493
258.7,1146.107208488659
342.86,145.21852864737775
4254.61,3262.112413634977
996.64,1594.707109131123
504.84,621.9368292936658
2320.93,2127.7023998916893
825.26,1233.2087784222288
718.1,874.2412259232049
95.14,141.429968662718
252.42,818.6858225883882
371.88,751.343890142401
143.2,-59.42830259600737
1443.1,1516.8614047950962
919.7,1705.4620028040506
2841.57,2563.6812790018967
3470.09,2836.28394831086
1225.0,1728.1808176407183
1332.65,1351.9868460604937
242.14,409.9183649184099
579.59,551.628169516571
898.43,889.3227503268497
341.84,207.54919965503473
2630.02,2458.503926994478
2146.15,1991.1467329090922
2534.56,2381.552770846998
437.33,834.2309411486094
1041.23,1058.925487734314
1203.39,1300.991769774965
1031.2,1041.2405842820478
2481.14,2226.9087767192605
21.81,-700.9986267270698
1209.93,1359.4687152449912
2075.08,2123.0393867717985
1114.8,1136.5657052328922
1419.65,1421.9397075371255
982.94,1641.3949705972234
238.26,-90.43827419943204
791.06,1218.30765071345
619.08,551.360072018907
1145.91,1450.1533583257722
1670.82,1633.1638695979257
2017.08,2095.885580902517
657.52,1231.8682909339084
2296.97,2281.867814595046
458.74,329.36659546315855
675.07,687.1038965264886
569.87,805.3332240981335
4173.71,3219.994869396701
906.12,906.243436696511
572.3,493.6523387207535
1103.25,1343.505187724092
1327.19,1325.4995662924819
2030.91,1971.4948912776229
516.27,764.7841894354544
2430.83,2224.0548403335342
7.6,-730.3047625596878
595.9,732.7945237334397
2292.12,2226.2147202788947
1992.88,2003.351785677183
4741.84,3506.3084903891368
170.37,1074.134788351145
2102.39,1973.3565884934671
409.38,409.0839871935659
1117.59,1120.5846375514332
882.52,950.1174371872733
3386.2,2800.20753989467
2529.51,2343.281402164329
296.55,41.03341580984079
432.19,276.90070058336755
660.84,1346.5771560185578
1120.08,1544.3634589828168
649.94,712.3659199480744
112.12,-373.41937938176125
807.33,969.8569796215409
1621.55,1685.081024411097
1411.86,1411.5036560928122
1469.16,1476.284839793321
1383.21,1823.949437694824
339.63,168.9971884034096
1408.23,1414.7660112606798
1352.22,1460.7472712151232
450.88,326.58281971967176
840.21,1207.4281001658749
122.45,479.783525592243
987.53,1004.5452751569994
656.41,609.4586839386425
361.06,762.7721807565956
2396.99,2263.3886088283243
1043.51,1451.6492670626174
976.55,977.6846569279653
1383.3,1598.1022356014453
2681.05,2391.317301100774
2028.14,1955.64159980935
243.85,-21.302250287084007
797.51,822.6147038575259
1483.95,1470.0457671158094
1381.51,1372.7186276646428
1506.73,1490.742468398839
729.75,720.1810521832065
515.63,402.8624546766141
3294.03,2787.9273313950716
2265.27,2087.995292935878
103.07,6.502981719420404
119.01,-8.859185253180158
1077.01,1081.817149283823
242.46,-80.97692176444025
1312.15,1313.6979372172648
1317.07,1453.9193830606039
3167.83,2683.6194374336164
2485.46,2232.7218904540705
15.05,-812.6255333387167
107.24,291.25808331479516
3661.79,2943.9945187246603
1312.54,1693.8608654770144
626.37,962.7259136482387
2532.11,2336.3181878145997
282.68,275.179324652001
1036.63,1038.7073658756656
381.85,189.03491356719292
122.29,960.5058632391758
538.71,558.498687974233
916.85,908.6363338184158
518.95,565.9755620694623
2996.18,2585.0018760830535
543.82,539.6110634253689
438.28,488.95924036901124
3863.35,3070.219375226304
990.32,991.4883045035047
529.68,964.1891822604773
1666.68,1869.9657779703864
2203.95,2049.530982487051
737.88,732.8170589832678
1576.37,1731.425632648026
2553.93,2297.164816014676
77.1,-531.1854073928888
58.92,-308.0543752935132
1558.7,1642.4974458197314
2572.48,2429.72899106792
736.25,772.4540052968407
660.06,1481.1483446613927
640.69,716.3524167881594
1003.5,1014.2747250896552
1981.86,1867.5427956166302
1317.59,1594.0180477800252
1085.19,1589.1971732150967
458.14,360.3715719773154
1243.6,1659.4982830101683
617.64,857.4433206774618
1465.75,1605.8196768552423
3178.1,2690.7279681570917
1641.44,1638.4057080162881
86.09,28.810822881190006
888.01,927.8271361860636
3089.12,2757.493630197362
3333.82,2831.5557696379983
1297.12,1327.3788036688863
423.17,280.7117958178553
1518.04,1535.305530240699
898.16,1318.6365978168435
2007.84,1927.3803236282927
1002.14,1511.2713180582948
418.8,284.4126549997163
100.42,206.42163428994377
861.86,903.3719601502255
45.06,-480.2078712679197
2007.59,2062.1669892871123
410.41,732.9623753570136
848.96,891.9612096965905
923.53,928.0902385944594
289.4,426.32539154257074
1532.68,1509.7353339110616
245.36,768.577744509382
895.38,884.3264741563237
1129.1,1229.0068045661594
1262.4,1279.0046465925386
1699.2,1646.6994196758012
154.87,-70.82151288908244
85.29,348.79041500735116
1697.11,1759.1381687624637
924.95,917.0879069229666
1419.72,1502.007902478728
1783.52,1734.8683845107596
951.59,1302.7081506170632
22.0,-15.892560245147934
391.83,578.1906050160896
77.11,-250.98308286477845
3157.11,2653.7119410526993
88.53,-483.45268627522773
1093.16,1318.992396117306
2063.2,1957.515842096486
1647.42,1672.7081200194318
950.07,969.0752223783768
805.74,1407.7902518396593
692.27,707.8306830413696
1080.57,1587.2126948753337
31.57,-301.6399010104042
2835.6,2499.599146831022
1335.96,1361.1324756054103
173.47,-240.78004859700968
1319.47,1433.5433997569178
944.55,1041.4159858876453
1194.83,1362.924012179016
1540.28,1674.319259898172
54.93,-470.76405899348754
378.6,611.4130770465538
2480.71,2384.582108838321
556.39,663.6459547498
558.61,471.8230769833649
728.79,719.1888130133254
1209.38,1295.5169141800582
663.77,790.2090693913458
183.36,-206.61795787834365
989.95,1091.0329394709786
297.74,716.5202684117332
129.64,-351.92837578427554
232.22,168.34320737343137
2085.95,2028.6012640274773
255.25,-54.20400433820487
1507.2,1483.370835266968
519.42,491.45238336500597
892.28,1262.5149142548469
795.45,772.6118667418782
562.48,557.0504046297988
521.14,1134.6113121249807
1280.02,1547.9415370407598
1859.48,1961.7303610238475
1695.02,1666.8649210527708
434.95,942.3073000414095
36.57,-177.6100047752409
248.12,443.15837710943356
518.7,1270.6708595226376
1231.52,1233.6999029179017
1471.91,1645.0657445472332
2447.46,2211.068030322279
1257.12,1549.412355635022
2262.85,2231.707116034361
855.87,839.1620517661645
2056.33,2161.3107554544677
442.04,588.9023039400909
780.99,1433.570930096014
326.82,494.80743442494054
726.41,919.6962810608563
3765.98,3018.1092786469744
533.98,1398.278833815744
935.12,1261.4951447458695
464.88,517.7517164561289
1005.15,1132.7721501589642
200.67,-172.28046555408002
229.85,-107.3238802479741
505.71,444.43125884827055
636.94,725.7962290625915
202.13,100.85340366094306
894.07,1251.5902932076167
2561.32,2360.149468052311
231.76,-102.80618350182908
1024.28,1045.5127187803566
363.46,234.33965724182985
3079.83,2674.298406283102
1368.25,1596.4635653836092
924.04,1540.1164146270914
693.16,928.4059614845348
183.21,-217.9585476897396
919.19,954.9683969840537
513.48,427.34771594430345
359.04,501.56771682997623
1440.57,1485.6409512649545
2355.86,2141.0450082034076
1956.45,1855.1924264747934
281.23,68.05189548391263
908.86,913.7027706311806
751.96,841.8756668674125
2120.39,2011.645497336696
3577.01,2906.6803088907527
602.68,663.6985752314793
471.71,363.58130666350394
873.12,905.3388983294285
315.25,67.9291143599944
1266.25,1578.6558808074249
470.58,629.1055304808433
1796.0,1857.252060546063
1036.84,1215.7118216468518
926.24,1240.1444624328622
2241.7,2178.8603327115243
89.75,-474.1316551247137
1600.46,1566.3105067548556
213.61,157.90715592911783
1159.3,1398.095882228123
475.55,1457.7404684736282
538.82,957.3212186955705
725.98,1613.6097189477912
697.18,1146.9266009456985
3614.94,2919.1534591565087
2478.16,2314.388680203121
354.04,587.4841058275078
3694.45,3008.793242585729
423.24,292.60112569587113
105.94,-434.8855874327229
422.37,307.2692362281057
1143.85,1687.002892090644
599.95,736.2673608280245
174.35,36.340317458098525
1820.41,1754.4626105712812
691.14,1378.4665758464819
1163.57,1522.5692775665477
897.44,1146.7862796612205
372.38,187.91989327339343
400.97,394.7441446226983
848.74,1306.7472679388277
1496.72,1480.464278399563
4187.49,3229.3334407077746
2588.95,2527.6148607642426
642.46,593.0867376356009
73.4,-492.0445806642564
1012.18,1370.2154944901115
360.87,543.940813494625
400.96,554.6700525791857
1013.72,1053.7312747083631
614.36,693.0347962959488
1627.32,1809.3865681259479
731.97,1142.3838140569703
1105.23,1108.1641077673569
210.68,-90.56105532335027
2243.04,2120.383387241498
2220.87,2123.3951850722615
545.73,476.23553276615144
766.22,737.8659556354728
2255.63,2067.5491489899523
2568.87,2341.2492984321552
2870.42,2493.500395437988
35.79,-594.8114953892104
676.42,660.3485192608127
181.03,-3.827828761534647
2650.33,2343.070920237612
293.33,40.18149792443728
1114.88,1161.9379647071044
309.07,69.31223215145815
297.21,358.5975755642696
898.72,888.3129709964087
1775.54,1742.2750979637497
269.5,211.12727771297773
737.38,774.4384836366032
473.02,865.9399642816684
217.02,-133.56559776814947
237.54,125.69446322909494
968.32,1001.8015748239002
290.07,429.30210905221475
3829.5,3087.1976771669124
231.86,490.27219751823577
1547.68,1552.028279754935
450.41,1152.6444638956862
994.17,1473.5311492816857
1677.03,1692.0567838321174
1706.99,1736.7601669584553
360.41,648.0633156719466
1594.06,2071.8262785775296
1358.89,1360.2103970777682
1012.41,1024.6932363734093
3485.36,2856.2865931535234
1073.58,1437.7228383631598
585.64,514.9854808732016
604.37,1108.246813480887
428.07,507.2981248512556
292.63,95.35601281620825
374.89,597.5217286682155
1693.85,1986.0852911855952
2442.51,2249.409559647187
2191.4,2044.8504292066007
2069.66,1956.5060627660448
315.67,75.77932691624619
1795.59,1939.4225198620777
988.3,996.0761618918884
2246.5,2060.585934640224
447.99,339.02088966430756
1332.45,1371.3881303548585
1783.1,1896.2074954905618
3230.33,2731.7956576545394
1662.44,1708.4813506168377
2736.36,2403.422107994774
839.96,874.5794840631081
641.02,1471.7220725475202
810.05,856.3332954729303
1609.38,1866.0319016119809
444.3,764.2354493688345
1455.72,1485.0521357879472
353.01,147.87452817767849
1104.37,1339.8469588453734
3459.44,2850.368238455355
567.65,499.7987155061985
846.94,1174.1430174751956
416.88,245.09642666548666
467.28,949.7666339760788
1570.62,1614.1534639251433
291.79,177.34352054460214
1739.78,1717.4515785561573
1143.72,1446.1844016462467
2366.57,2306.160134096578
1132.03,1215.6291159333211
1253.54,1584.123186420308
1281.13,1418.677352369258
119.61,-205.78358015349988
1143.66,1493.8018916220133
1337.9,1484.5259309711548
99.94,200.46819927065576
2309.29,2209.158707714024
1583.45,2055.4543322744876
1267.84,1275.0006095918936
2044.12,2107.1635600536974
620.08,552.3523111887882
1253.23,1276.5415888283949
143.71,743.7191447806701
517.12,487.080002992607
4212.66,3242.7286695011726
2735.95,2488.0831554140286
942.7,1531.6648415225407
2167.62,2006.0303204573117
3837.56,3050.8356310924983
2183.03,2236.7384725260063
2424.93,2205.1496756241104
2530.68,2256.64087149458
1224.49,1392.8966741129036
840.6,823.2511447269444
1579.85,1676.7647775017556
67.98,601.7938631665243
1097.5,1295.639695303976
928.68,956.4392155783155
1960.71,1853.1728678139114
368.36,362.00025201661515
2613.23,2315.2531431598163
1366.65,1379.2734232322293
3184.48,2672.599565601564
3412.18,2806.1083544322782
121.44,-194.37282969986484
12.22,-781.3875396480153
427.04,385.80144702247503
609.48,960.768965647572
879.87,1001.7439592529529
3705.47,2967.8257989623717
2193.48,2041.0969495430602
414.58,583.6654606109967
1074.78,1370.756684574708
357.11,236.45191179477865
505.42,980.5435884029591
2370.4,2190.9075240345774
214.36,-66.94525210162419
1807.07,1741.0498416173239
817.94,1077.80811719391
244.85,43.28099655799929
